{
  "best_epoch": 10,
  "best_val_f1": 0.9957019039499858,
  "pos_weight": 3.8653688430786133
}