{
  "best_epoch": 12,
  "best_val_pr_auc": 0.9592819057953427,
  "best_val_row": {
    "epoch": 12,
    "lr": 0.001,
    "train_loss": 0.4816176388409057,
    "val_loss": 0.8244857420391186,
    "val_roc_auc": 0.9841510356930091,
    "val_pr_auc": 0.9592819057953427,
    "val_f1_at_0_5": 0.8313625902706134,
    "val_precision_at_0_5": 0.9200671870368541,
    "val_recall_at_0_5": 0.7582581631637518,
    "val_tuned_threshold": 0.08,
    "val_tuned_f1": 0.8862704573713748,
    "val_tuned_precision": 0.8271922464694305,
    "val_tuned_recall": 0.9544364725361224
  },
  "best_val_threshold": 0.08,
  "best_val_f1_tuned": 0.8862704573713748,
  "best_val_precision_tuned": 0.8271922464694305,
  "best_val_recall_tuned": 0.9544364725361224,
  "val_loss_at_best_checkpoint": 0.8244857420391186,
  "test_loss_at_best_checkpoint": 0.38728791342219476,
  "pos_weight": 4.396481513977051,
  "device": "cuda",
  "feature_count": 76
}