{
  "best_epoch": 7,
  "best_val_f1": 0.9944328183801412,
  "pos_weight": 3.8653688430786133
}