{
  "best_epoch": 26,
  "best_val_pr_auc": 0.9997460781137095,
  "best_val_row": {
    "epoch": 26,
    "lr": 0.0005,
    "train_loss": 0.032820118079287655,
    "val_loss": 0.024309123140816864,
    "val_roc_auc": 0.9998775387315018,
    "val_pr_auc": 0.9997460781137095,
    "val_f1_at_0_5": 0.9957554256339711,
    "val_precision_at_0_5": 0.9960529055503753,
    "val_recall_at_0_5": 0.9954581233544745,
    "val_tuned_threshold": 0.5,
    "val_tuned_f1": 0.9957554256339711,
    "val_tuned_precision": 0.9960529055503753,
    "val_tuned_recall": 0.9954581233544745
  },
  "best_val_threshold": 0.5,
  "best_val_f1_tuned": 0.9957554256339711,
  "best_val_precision_tuned": 0.9960529055503753,
  "best_val_recall_tuned": 0.9954581233544745,
  "val_loss_at_best_checkpoint": 0.02430912318075621,
  "test_loss_at_best_checkpoint": 0.032242044081427376,
  "pos_weight": 4.396481513977051,
  "device": "cuda",
  "feature_count": 76
}