{
  "best_epoch": 17,
  "best_val_pr_auc": 0.9996733733578149,
  "best_val_row": {
    "epoch": 17,
    "lr": 0.0005,
    "train_loss": 0.07628889662327021,
    "val_loss": 0.02447282895588928,
    "val_roc_auc": 0.9998262754036146,
    "val_pr_auc": 0.9996733733578149,
    "val_f1_at_0_5": 0.9959556248446644,
    "val_precision_at_0_5": 0.9948721652462805,
    "val_recall_at_0_5": 0.9970414468862812,
    "val_tuned_threshold": 0.76,
    "val_tuned_f1": 0.9965641961169531,
    "val_tuned_precision": 0.9972187494337845,
    "val_tuned_recall": 0.9959105015064192
  },
  "best_val_threshold": 0.76,
  "best_val_f1_tuned": 0.9965641961169531,
  "best_val_precision_tuned": 0.9972187494337845,
  "best_val_recall_tuned": 0.9959105015064192,
  "val_loss_at_best_checkpoint": 0.02447282919909839,
  "test_loss_at_best_checkpoint": 0.024737974156092208,
  "pos_weight": 4.396481513977051,
  "device": "cuda",
  "feature_count": 76
}