{
  "best_epoch": 26,
  "best_val_pr_auc": 0.9996712186545149,
  "best_val_row": {
    "epoch": 26,
    "lr": 0.00025,
    "train_loss": 0.0767176629006675,
    "val_loss": 0.034776204297806736,
    "val_roc_auc": 0.9998728213190606,
    "val_pr_auc": 0.9996712186545149,
    "val_f1_at_0_5": 0.9728031072074855,
    "val_precision_at_0_5": 0.949682445300449,
    "val_recall_at_0_5": 0.9970776371384368,
    "val_tuned_threshold": 0.84,
    "val_tuned_f1": 0.9970071284758122,
    "val_tuned_precision": 0.9994090747929489,
    "val_tuned_recall": 0.9946166999918572
  },
  "best_val_threshold": 0.84,
  "best_val_f1_tuned": 0.9970071284758122,
  "best_val_precision_tuned": 0.9994090747929489,
  "best_val_recall_tuned": 0.9946166999918572,
  "val_loss_at_best_checkpoint": 0.034776204267611376,
  "test_loss_at_best_checkpoint": 0.03980340336209189,
  "pos_weight": 4.396481513977051,
  "device": "cuda",
  "feature_count": 76
}