{
  "best_epoch": 13,
  "best_val_pr_auc": 0.954948336127726,
  "best_val_row": {
    "epoch": 13,
    "lr": 0.0005,
    "train_loss": 0.4329409886802643,
    "val_loss": 0.6230197076973308,
    "val_roc_auc": 0.9824413907753026,
    "val_pr_auc": 0.954948336127726,
    "val_f1_at_0_5": 0.8295673705342389,
    "val_precision_at_0_5": 0.9119618262661316,
    "val_recall_at_0_5": 0.7608276710667982,
    "val_tuned_threshold": 0.17,
    "val_tuned_f1": 0.8707758877424102,
    "val_tuned_precision": 0.8438775943296125,
    "val_tuned_recall": 0.8994453843857158
  },
  "best_val_threshold": 0.17,
  "best_val_f1_tuned": 0.8707758877424102,
  "best_val_precision_tuned": 0.8438775943296125,
  "best_val_recall_tuned": 0.8994453843857158,
  "val_loss_at_best_checkpoint": 0.6230197076973308,
  "test_loss_at_best_checkpoint": 0.2790350817302359,
  "pos_weight": 4.396481513977051,
  "device": "cuda",
  "feature_count": 76
}