{
  "best_epoch": 7,
  "best_val_pr_auc": 0.9056019166203657,
  "best_val_row": {
    "epoch": 7,
    "lr": 0.0002,
    "train_total_loss": 4.33138350902911,
    "train_mlm_loss": 2.929069654342568,
    "train_vhm_loss": 14.023138342948805,
    "val_roc_auc": 0.9925256052909355,
    "val_pr_auc": 0.9056019166203657,
    "val_f1_unsupervised": 0.6150670794633643,
    "val_precision_unsupervised": 0.863768115942029,
    "val_recall_unsupervised": 0.4775641025641026,
    "val_seq_threshold_unsupervised": 1.0,
    "val_distance_threshold_unsupervised": 0.6780044257640842,
    "val_tuned_sequence_threshold": 0.99,
    "val_f1_tuned": 0.8,
    "val_precision_tuned": 0.6680988184747583,
    "val_recall_tuned": 0.9967948717948718
  },
  "best_unsupervised_val_f1": 0.8911319394376351,
  "best_tuned_val_f1": 0.9007299270072993,
  "tuned_validation_sequence_threshold": 0.99,
  "distance_threshold": 0.6780044257640842,
  "device": "cuda",
  "train_benign_sequences": 27731,
  "val_total_sequences": 7620,
  "test_total_sequences": 7967
}