{
  "best_epoch": 2,
  "best_val_pr_auc": 0.7143508479844283,
  "best_val_row": {
    "epoch": 2,
    "lr": 0.0002,
    "train_total_loss": 26.253709185555728,
    "train_mlm_loss": 8.750131989989706,
    "train_vhm_loss": 175.03576865534268,
    "val_roc_auc": 0.9182408728132221,
    "val_pr_auc": 0.7143508479844283,
    "val_f1_unsupervised": 0.5585754451733833,
    "val_precision_unsupervised": 0.6681614349775785,
    "val_recall_unsupervised": 0.47987117552334946,
    "val_seq_threshold_unsupervised": 1.0,
    "val_distance_threshold_unsupervised": 3.1733219146728513,
    "val_tuned_sequence_threshold": 0.99,
    "val_f1_tuned": 0.433659217877095,
    "val_precision_tuned": 0.27686134641105664,
    "val_recall_tuned": 1.0
  },
  "best_unsupervised_val_f1": 0.5585754451733833,
  "best_tuned_val_f1": 0.43670886075949367,
  "tuned_validation_sequence_threshold": 0.99,
  "distance_threshold": 3.1733219146728513,
  "device": "cuda",
  "train_benign_sequences": 15305,
  "val_total_sequences": 4736,
  "test_total_sequences": 5138
}