{
  "best_epoch": 5,
  "best_val_pr_auc": 0.9928140868790513,
  "best_val_row": {
    "epoch": 5,
    "lr": 0.0002,
    "train_total_loss": 4.880407917648309,
    "train_mlm_loss": 2.752432320651223,
    "train_vhm_loss": 21.279755510395113,
    "val_roc_auc": 0.9980409622632471,
    "val_pr_auc": 0.9928140868790513,
    "val_f1_unsupervised": 0.9678848283499446,
    "val_precision_unsupervised": 0.9711111111111111,
    "val_recall_unsupervised": 0.9646799116997793,
    "val_seq_threshold_unsupervised": 1.0,
    "val_distance_threshold_unsupervised": 0.794296817779539,
    "val_tuned_sequence_threshold": 0.96,
    "val_f1_tuned": 0.9075419694312202,
    "val_precision_tuned": 0.8311151904543369,
    "val_recall_tuned": 0.9994481236203091
  },
  "best_unsupervised_val_f1": 0.9678848283499446,
  "best_tuned_val_f1": 0.9514053060152351,
  "tuned_validation_sequence_threshold": 0.99,
  "distance_threshold": 0.794296817779539,
  "device": "cuda",
  "train_benign_sequences": 32293,
  "val_total_sequences": 7849,
  "test_total_sequences": 6054
}