{
  "best_epoch": 2,
  "best_val_pr_auc": 0.9860124198031064,
  "best_val_row": {
    "epoch": 2,
    "lr": 0.0002,
    "train_total_loss": 13.147017995485697,
    "train_mlm_loss": 4.1378516543850274,
    "train_vhm_loss": 90.09166188907916,
    "val_roc_auc": 0.996256756989002,
    "val_pr_auc": 0.9860124198031064,
    "val_f1_unsupervised": 0.6512989388949872,
    "val_precision_unsupervised": 0.9663409337676439,
    "val_recall_unsupervised": 0.4911699779249448,
    "val_seq_threshold_unsupervised": 1.0,
    "val_distance_threshold_unsupervised": 1.5836977338790892,
    "val_tuned_sequence_threshold": 0.98,
    "val_f1_tuned": 0.8573456352022711,
    "val_precision_tuned": 0.7503105590062111,
    "val_recall_tuned": 1.0
  },
  "best_unsupervised_val_f1": 0.6512989388949872,
  "best_tuned_val_f1": 0.9162661269921578,
  "tuned_validation_sequence_threshold": 0.99,
  "distance_threshold": 1.5836977338790892,
  "device": "cuda",
  "train_benign_sequences": 32293,
  "val_total_sequences": 7849,
  "test_total_sequences": 6054
}