{
  "best_epoch": 19,
  "best_val_pr_auc": 0.9991386954137804,
  "best_val_row": {
    "epoch": 19,
    "lr": 0.0005,
    "train_loss": 0.1781701257556081,
    "val_loss": 0.05873580689878772,
    "val_roc_auc": 0.9996585687254369,
    "val_pr_auc": 0.9991386954137804,
    "val_f1_at_0_5": 0.9679512291744613,
    "val_precision_at_0_5": 0.9425157297399236,
    "val_recall_at_0_5": 0.9947976512526351,
    "val_tuned_threshold": 0.75,
    "val_tuned_f1": 0.9945564580202578,
    "val_tuned_precision": 0.9981500719922722,
    "val_tuned_recall": 0.9909886272132601
  },
  "best_val_threshold": 0.75,
  "best_val_f1_tuned": 0.9945564580202578,
  "best_val_precision_tuned": 0.9981500719922722,
  "best_val_recall_tuned": 0.9909886272132601,
  "val_loss_at_best_checkpoint": 0.0587358069162044,
  "test_loss_at_best_checkpoint": 0.05015111645959486,
  "pos_weight": 4.396481513977051,
  "device": "cuda",
  "feature_count": 76
}