{
  "best_epoch": 5,
  "best_val_pr_auc": 0.6365137903137141,
  "best_val_row": {
    "epoch": 5,
    "lr": 0.0002,
    "train_total_loss": 3.0395618821191186,
    "train_mlm_loss": 3.0395618821191186,
    "train_vhm_loss": 0.0,
    "val_roc_auc": 0.9174593586445001,
    "val_pr_auc": 0.6365137903137141,
    "val_f1_unsupervised": 0.0,
    "val_precision_unsupervised": 0.0,
    "val_recall_unsupervised": 0.0,
    "val_seq_threshold_unsupervised": 1.0,
    "val_distance_threshold_unsupervised": 49.85223236083984,
    "val_tuned_sequence_threshold": 0.99,
    "val_f1_tuned": 0.8144262295081968,
    "val_precision_tuned": 0.6892341842397336,
    "val_recall_tuned": 0.9951923076923077
  },
  "best_unsupervised_val_f1": 0.9110947832476121,
  "best_tuned_val_f1": 0.9330323551542513,
  "tuned_validation_sequence_threshold": 0.99,
  "distance_threshold": 49.85223236083984,
  "device": "cuda",
  "train_benign_sequences": 27731,
  "val_total_sequences": 7620,
  "test_total_sequences": 7967
}