{
  "best_epoch": 1,
  "best_val_pr_auc": 0.9530887950917798,
  "best_val_row": {
    "epoch": 1,
    "lr": 0.001,
    "train_loss": 1.3611092863322756,
    "val_loss": 1.0375691166031766,
    "val_roc_auc": 0.9641297713326229,
    "val_pr_auc": 0.9530887950917798,
    "val_f1_at_0_5": 0.9314488820801203,
    "val_precision_at_0_5": 0.962703715146366,
    "val_recall_at_0_5": 0.9021596532973843,
    "val_tuned_threshold": 0.54,
    "val_tuned_f1": 0.944985329421179,
    "val_tuned_precision": 0.997787098785922,
    "val_tuned_recall": 0.8974911107693143
  },
  "best_val_threshold": 0.54,
  "best_val_f1_tuned": 0.944985329421179,
  "best_val_precision_tuned": 0.997787098785922,
  "best_val_recall_tuned": 0.8974911107693143,
  "val_loss_at_best_checkpoint": 1.0375691176561541,
  "test_loss_at_best_checkpoint": 0.5330622679170905,
  "pos_weight": 4.396481513977051,
  "device": "cuda",
  "feature_count": 76
}