{
  "best_epoch": 3,
  "best_val_pr_auc": 0.8909563233784912,
  "best_val_row": {
    "epoch": 3,
    "lr": 0.0002,
    "train_total_loss": 7.086113243373573,
    "train_mlm_loss": 3.4587171313779574,
    "train_vhm_loss": 36.27396047984455,
    "val_roc_auc": 0.9897078876819325,
    "val_pr_auc": 0.8909563233784912,
    "val_f1_unsupervised": 0.5377697841726619,
    "val_precision_unsupervised": 0.8846153846153846,
    "val_recall_unsupervised": 0.3863049095607235,
    "val_seq_threshold_unsupervised": 1.0,
    "val_distance_threshold_unsupervised": 1.0298648107051849,
    "val_tuned_sequence_threshold": 0.97,
    "val_f1_tuned": 0.7946611909650924,
    "val_precision_tuned": 0.6592844974446337,
    "val_recall_tuned": 1.0
  },
  "best_unsupervised_val_f1": 0.5377697841726619,
  "best_tuned_val_f1": 0.8973913043478261,
  "tuned_validation_sequence_threshold": 0.99,
  "distance_threshold": 1.0298648107051849,
  "device": "cuda",
  "train_benign_sequences": 28200,
  "val_total_sequences": 8295,
  "test_total_sequences": 9665
}