{
  "best_epoch": 21,
  "best_val_pr_auc": 0.9997748341665276,
  "best_val_row": {
    "epoch": 21,
    "lr": 0.0005,
    "train_loss": 0.05011357697620985,
    "val_loss": 0.017849923670624226,
    "val_roc_auc": 0.9998954887943844,
    "val_pr_auc": 0.9997748341665276,
    "val_f1_at_0_5": 0.9962888797479512,
    "val_precision_at_0_5": 0.9955103884372177,
    "val_recall_at_0_5": 0.9970685895753979,
    "val_tuned_threshold": 0.82,
    "val_tuned_f1": 0.9967587436962997,
    "val_tuned_precision": 0.9974450736126841,
    "val_tuned_recall": 0.9960733576411194
  },
  "best_val_threshold": 0.82,
  "best_val_f1_tuned": 0.9967587436962997,
  "best_val_precision_tuned": 0.9974450736126841,
  "best_val_recall_tuned": 0.9960733576411194,
  "val_loss_at_best_checkpoint": 0.01784992339628786,
  "test_loss_at_best_checkpoint": 0.03095975573979495,
  "pos_weight": 4.396481513977051,
  "device": "cuda",
  "feature_count": 76
}