{
  "best_epoch": 3,
  "best_val_pr_auc": 0.7478980272809955,
  "best_val_row": {
    "epoch": 3,
    "lr": 0.0002,
    "train_total_loss": 3.719502347068736,
    "train_mlm_loss": 3.719502347068736,
    "train_vhm_loss": 0.0,
    "val_roc_auc": 0.9677194202547976,
    "val_pr_auc": 0.7478980272809955,
    "val_f1_unsupervised": 0.0,
    "val_precision_unsupervised": 0.0,
    "val_recall_unsupervised": 0.0,
    "val_seq_threshold_unsupervised": 1.0,
    "val_distance_threshold_unsupervised": 49.84173011779785,
    "val_tuned_sequence_threshold": 0.96,
    "val_f1_tuned": 0.7791718946047679,
    "val_precision_tuned": 0.6402061855670103,
    "val_recall_tuned": 0.9951923076923077
  },
  "best_unsupervised_val_f1": 0.0,
  "best_tuned_val_f1": 0.9060205580029369,
  "tuned_validation_sequence_threshold": 0.99,
  "distance_threshold": 49.84173011779785,
  "device": "cuda",
  "train_benign_sequences": 27731,
  "val_total_sequences": 7620,
  "test_total_sequences": 7967
}