{
  "best_epoch": 24,
  "best_val_pr_auc": 0.9996723271453638,
  "best_val_row": {
    "epoch": 24,
    "lr": 0.00025,
    "train_loss": 0.07934633694131318,
    "val_loss": 0.03479579581020561,
    "val_roc_auc": 0.9998778079801697,
    "val_pr_auc": 0.9996723271453638,
    "val_f1_at_0_5": 0.9713032062521476,
    "val_precision_at_0_5": 0.9465342114075231,
    "val_recall_at_0_5": 0.997403349407837,
    "val_tuned_threshold": 0.85,
    "val_tuned_f1": 0.9971718636693256,
    "val_tuned_precision": 0.9990464341176791,
    "val_tuned_recall": 0.9953043147828132
  },
  "best_val_threshold": 0.85,
  "best_val_f1_tuned": 0.9971718636693256,
  "best_val_precision_tuned": 0.9990464341176791,
  "best_val_recall_tuned": 0.9953043147828132,
  "val_loss_at_best_checkpoint": 0.03479579563088636,
  "test_loss_at_best_checkpoint": 0.041887054780498104,
  "pos_weight": 4.396481513977051,
  "device": "cuda",
  "feature_count": 76
}