{
  "best_epoch": 2,
  "best_val_pr_auc": 0.9460270627606224,
  "best_val_row": {
    "epoch": 2,
    "lr": 0.0002,
    "train_total_loss": 13.356193642311908,
    "train_mlm_loss": 4.4365583958862524,
    "train_vhm_loss": 89.19635133783868,
    "val_roc_auc": 0.9954803552636597,
    "val_pr_auc": 0.9460270627606224,
    "val_f1_unsupervised": 0.5446735395189003,
    "val_precision_unsupervised": 0.8128205128205128,
    "val_recall_unsupervised": 0.4095607235142119,
    "val_seq_threshold_unsupervised": 1.0,
    "val_distance_threshold_unsupervised": 1.6589462137222277,
    "val_tuned_sequence_threshold": 0.98,
    "val_f1_tuned": 0.7424460431654676,
    "val_precision_tuned": 0.5903890160183066,
    "val_recall_tuned": 1.0
  },
  "best_unsupervised_val_f1": 0.5446735395189003,
  "best_tuned_val_f1": 0.8477546549835706,
  "tuned_validation_sequence_threshold": 0.99,
  "distance_threshold": 1.6589462137222277,
  "device": "cuda",
  "train_benign_sequences": 28200,
  "val_total_sequences": 8295,
  "test_total_sequences": 9665
}