{
  "best_epoch": 9,
  "best_val_pr_auc": 0.8992681975796203,
  "best_val_row": {
    "epoch": 9,
    "lr": 0.0002,
    "train_total_loss": 2.6183591852848056,
    "train_mlm_loss": 2.6183591852848056,
    "train_vhm_loss": 0.0,
    "val_roc_auc": 0.9940059612819047,
    "val_pr_auc": 0.8992681975796203,
    "val_f1_unsupervised": 0.0,
    "val_precision_unsupervised": 0.0,
    "val_recall_unsupervised": 0.0,
    "val_seq_threshold_unsupervised": 1.0,
    "val_distance_threshold_unsupervised": 52.14335708618165,
    "val_tuned_sequence_threshold": 0.92,
    "val_f1_tuned": 0.8617095205003474,
    "val_precision_tuned": 0.7607361963190185,
    "val_recall_tuned": 0.9935897435897436
  },
  "best_unsupervised_val_f1": 0.9051094890510949,
  "best_tuned_val_f1": 0.9418960244648318,
  "tuned_validation_sequence_threshold": 0.99,
  "distance_threshold": 52.14335708618165,
  "device": "cuda",
  "train_benign_sequences": 27731,
  "val_total_sequences": 7620,
  "test_total_sequences": 7967
}