{
  "best_epoch": 5,
  "best_val_f1": 0.9939167347518738,
  "pos_weight": 3.8653688430786133
}