{
  "best_epoch": 4,
  "best_val_pr_auc": 0.9472361065826889,
  "best_val_row": {
    "epoch": 4,
    "lr": 0.001,
    "train_loss": 0.6171188871437905,
    "val_loss": 0.5186771984689562,
    "val_roc_auc": 0.9782135238667855,
    "val_pr_auc": 0.9472361065826889,
    "val_f1_at_0_5": 0.8656655372588389,
    "val_precision_at_0_5": 0.8900602121762401,
    "val_recall_at_0_5": 0.8425724031232188,
    "val_tuned_threshold": 0.47,
    "val_tuned_f1": 0.8796718116089843,
    "val_tuned_precision": 0.8814658696560621,
    "val_tuned_recall": 0.8778850416640278
  },
  "best_val_threshold": 0.47,
  "best_val_f1_tuned": 0.8796718116089843,
  "best_val_precision_tuned": 0.8814658696560621,
  "best_val_recall_tuned": 0.8778850416640278,
  "val_loss_at_best_checkpoint": 0.5186771984689562,
  "test_loss_at_best_checkpoint": 0.32487448990562484,
  "pos_weight": 4.396481513977051,
  "device": "cuda",
  "feature_count": 76
}