{
  "best_epoch": 30,
  "best_val_pr_auc": 0.9994661035552678,
  "best_val_row": {
    "epoch": 30,
    "lr": 0.000125,
    "train_loss": 0.08672600096278484,
    "val_loss": 0.04195021746267455,
    "val_roc_auc": 0.9997957808302672,
    "val_pr_auc": 0.9994661035552678,
    "val_f1_at_0_5": 0.9688843515262994,
    "val_precision_at_0_5": 0.9431726666780899,
    "val_recall_at_0_5": 0.9960371673889638,
    "val_tuned_threshold": 0.85,
    "val_tuned_f1": 0.9959439226895331,
    "val_tuned_precision": 0.998862426398988,
    "val_tuned_recall": 0.9930424240230894
  },
  "best_val_threshold": 0.85,
  "best_val_f1_tuned": 0.9959439226895331,
  "best_val_precision_tuned": 0.998862426398988,
  "best_val_recall_tuned": 0.9930424240230894,
  "val_loss_at_best_checkpoint": 0.041950217438193306,
  "test_loss_at_best_checkpoint": 0.04320944188885707,
  "pos_weight": 4.396481513977051,
  "device": "cuda",
  "feature_count": 76
}