{
  "best_epoch": 2,
  "best_val_pr_auc": 0.9794009912803154,
  "best_val_row": {
    "epoch": 2,
    "lr": 0.0002,
    "train_total_loss": 13.423266287059358,
    "train_mlm_loss": 4.245059105727782,
    "train_vhm_loss": 91.78207038529973,
    "val_roc_auc": 0.9939834778980685,
    "val_pr_auc": 0.9794009912803154,
    "val_f1_unsupervised": 0.6483717526527625,
    "val_precision_unsupervised": 0.9619978284473398,
    "val_recall_unsupervised": 0.488962472406181,
    "val_seq_threshold_unsupervised": 1.0,
    "val_distance_threshold_unsupervised": 1.5351184034347531,
    "val_tuned_sequence_threshold": 0.98,
    "val_f1_tuned": 0.8577514792899408,
    "val_precision_tuned": 0.7509324492333195,
    "val_recall_tuned": 1.0
  },
  "best_unsupervised_val_f1": 0.6483717526527625,
  "best_tuned_val_f1": 0.9166877690554571,
  "tuned_validation_sequence_threshold": 0.99,
  "distance_threshold": 1.5351184034347531,
  "device": "cuda",
  "train_benign_sequences": 32293,
  "val_total_sequences": 7849,
  "test_total_sequences": 6054
}