{
  "best_epoch": 9,
  "best_val_f1": 0.991485093390011,
  "pos_weight": 3.8653688430786133
}